"Type","Mode","Entry","Line","Documentation","Country","Entry_correlation","TrueIntercept","RecordIntercept"
"5","Container","1","1","FALSE","2","-0.23210696909373","0","1"
"6","Container","1","2","TRUE","3","-0.23210696909373","0","1"
"8","Container","1","3","TRUE","1","-0.23210696909373","1","1"
"5","Container","1","4","FALSE","3","-0.23210696909373","1","1"
"5","Container","2","1","TRUE","1","-0.00917535518772324","1","1"
"7","Container","2","2","FALSE","2","-0.00917535518772324","1","1"
"5","Container","2","3","TRUE","1","-0.00917535518772324","0","1"
"3","Container","2","4","TRUE","2","-0.00917535518772324","0","1"
"3","Container","3","1","FALSE","1","0.290539786463968","0","1"
"8","Container","3","2","FALSE","2","0.290539786463968","1","1"
"5","Container","3","3","FALSE","2","0.290539786463968","1","1"
"6","Line","4","1","FALSE","2","0.352655454966693","0","0"
"6","Line","4","2","FALSE","3","0.352655454966693","1","1"
"1","Line","4","3","FALSE","2","0.352655454966693","0","0"
"8","Line","4","4","TRUE","2","0.352655454966693","1","1"
"7","Container","5","1","FALSE","2","-0.37413742132943","1","1"
"5","Container","5","2","FALSE","3","-0.37413742132943","1","1"
"2","Container","5","3","TRUE","1","-0.37413742132943","0","1"
"8","Container","5","4","FALSE","1","-0.37413742132943","1","1"
"1","Container","5","5","FALSE","3","-0.37413742132943","0","1"
"6","Container","6","1","FALSE","3","-0.275571945408321","0","1"
"5","Container","6","2","FALSE","1","-0.275571945408321","1","1"
"3","Container","7","1","FALSE","2","-0.0841539974064813","0","1"
"3","Container","7","2","FALSE","2","-0.0841539974064813","0","1"
"4","Container","7","3","FALSE","1","-0.0841539974064813","1","1"
"2","Container","8","1","FALSE","3","-0.204144712566496","0","1"
"8","Container","8","2","TRUE","3","-0.204144712566496","1","1"
"2","Container","8","3","FALSE","2","-0.204144712566496","0","1"
"4","Container","8","4","FALSE","1","-0.204144712566496","1","1"
"7","Container","9","1","TRUE","2","0.0428406020432965","1","1"
"3","Container","9","2","FALSE","2","0.0428406020432965","0","1"
"7","Container","9","3","FALSE","3","0.0428406020432965","1","1"
"1","Container","10","1","FALSE","1","0.724291685718734","0","1"
"7","Container","10","2","FALSE","3","0.724291685718734","1","1"
"4","Line","11","1","FALSE","3","0.489829317274475","0","0"
"7","Line","11","2","FALSE","3","0.489829317274475","1","1"
"8","Line","11","3","FALSE","2","0.489829317274475","1","1"
"3","Line","11","4","FALSE","3","0.489829317274475","0","0"
"1","Line","11","5","TRUE","2","0.489829317274475","0","0"
"8","Container","12","1","FALSE","1","0.189853846237284","1","1"
"6","Container","12","2","FALSE","3","0.189853846237284","1","1"
"3","Container","13","1","FALSE","2","0.16675768144748","0","1"
"2","Container","13","2","TRUE","2","0.16675768144748","0","1"
"1","Container","13","3","FALSE","1","0.16675768144748","0","1"
"6","Container","13","4","FALSE","3","0.16675768144748","1","1"
"6","Line","14","1","FALSE","1","-0.441932749517939","1","1"
"7","Line","14","2","FALSE","2","-0.441932749517939","1","1"
"2","Container","15","1","FALSE","1","0.334198335081805","0","1"
"8","Container","15","2","FALSE","2","0.334198335081805","1","1"
"3","Container","15","3","FALSE","1","0.334198335081805","0","1"
"3","Container","15","4","FALSE","3","0.334198335081805","0","1"
"3","Container","15","5","FALSE","3","0.334198335081805","0","1"
"4","Container","16","1","FALSE","3","-0.0604631762146533","1","1"
"7","Container","16","2","TRUE","3","-0.0604631762146533","1","1"
"4","Container","16","3","FALSE","2","-0.0604631762146533","0","1"
"3","Container","16","4","FALSE","1","-0.0604631762146533","1","1"
"3","Container","17","1","TRUE","1","0.290038145364838","0","1"
"7","Container","17","2","FALSE","1","0.290038145364838","1","1"
"5","Container","17","3","FALSE","2","0.290038145364838","1","1"
"2","Container","17","4","FALSE","3","0.290038145364838","0","1"
"4","Container","18","1","FALSE","1","-0.307859752361832","0","1"
"4","Container","18","2","FALSE","1","-0.307859752361832","0","1"
"3","Container","18","3","FALSE","3","-0.307859752361832","1","1"
"4","Container","18","4","TRUE","2","-0.307859752361832","0","1"
"1","Container","19","1","FALSE","3","0.024420292827971","0","1"
"3","Container","19","2","FALSE","1","0.024420292827971","0","1"
"2","Container","19","3","FALSE","1","0.024420292827971","0","1"
"6","Container","19","4","TRUE","1","0.024420292827971","1","1"
"7","Container","19","5","FALSE","1","0.024420292827971","1","1"
"3","Line","20","1","FALSE","1","-0.435826528833854","0","0"
"6","Line","20","2","FALSE","2","-0.435826528833854","0","0"
"5","Line","20","3","FALSE","3","-0.435826528833854","0","0"
"2","Line","20","4","FALSE","2","-0.435826528833854","0","0"
"6","Container","21","1","TRUE","3","0.176950803561715","1","1"
"3","Container","21","2","FALSE","1","0.176950803561715","0","1"
"8","Container","21","3","FALSE","1","0.176950803561715","1","1"
"2","Container","22","1","FALSE","3","0.646421649409072","0","1"
"6","Container","22","2","FALSE","1","0.646421649409072","1","1"
"4","Container","22","3","FALSE","3","0.646421649409072","1","1"
"7","Container","22","4","FALSE","3","0.646421649409072","1","1"
"2","Container","23","1","FALSE","1","0.077014210445118","0","0"
"5","Container","23","2","TRUE","3","0.077014210445118","0","0"
"4","Container","24","1","FALSE","2","0.124393188275575","1","1"
"5","Container","24","2","FALSE","2","0.124393188275575","0","1"
"4","Container","25","1","FALSE","1","-0.182460309535249","0","1"
"5","Container","25","2","FALSE","2","-0.182460309535249","0","1"
"2","Container","25","3","FALSE","1","-0.182460309535249","0","1"
"8","Container","25","4","FALSE","1","-0.182460309535249","1","1"
"2","Container","26","1","FALSE","3","0.0629135987439306","0","1"
"3","Container","26","2","FALSE","3","0.0629135987439306","0","1"
"6","Container","26","3","FALSE","1","0.0629135987439306","1","1"
"1","Container","26","4","TRUE","3","0.0629135987439306","0","1"
"8","Container","26","5","FALSE","2","0.0629135987439306","1","1"
"4","Container","27","1","FALSE","3","0.132416912907539","0","1"
"6","Container","27","2","FALSE","3","0.132416912907539","1","1"
"1","Container","27","3","FALSE","2","0.132416912907539","0","1"
"4","Container","27","4","FALSE","3","0.132416912907539","0","1"
"3","Container","27","5","FALSE","1","0.132416912907539","0","1"
"4","Line","28","1","TRUE","3","-0.240155626743084","0","0"
"3","Line","28","2","TRUE","1","-0.240155626743084","0","0"
"1","Line","28","3","FALSE","3","-0.240155626743084","0","0"
"7","Line","29","1","FALSE","2","-0.102749417540483","0","0"
"3","Line","29","2","FALSE","2","-0.102749417540483","0","0"
"4","Line","29","3","FALSE","2","-0.102749417540483","0","0"
"3","Line","29","4","TRUE","3","-0.102749417540483","0","0"
"1","Container","30","1","FALSE","1","-0.101264062927039","0","1"
"7","Container","30","2","FALSE","3","-0.101264062927039","1","1"
"5","Container","30","3","TRUE","3","-0.101264062927039","0","1"
"3","Container","31","1","TRUE","2","0.194148787528135","0","0"
"4","Container","31","2","FALSE","2","0.194148787528135","0","0"
"5","Container","31","3","FALSE","2","0.194148787528135","0","0"
"6","Container","31","4","FALSE","3","0.194148787528135","0","0"
"2","Container","31","5","FALSE","2","0.194148787528135","0","0"
"4","Container","32","1","FALSE","2","0.0987668053051397","0","0"
"2","Container","32","2","FALSE","1","0.0987668053051397","0","0"
"4","Container","32","3","FALSE","1","0.0987668053051397","0","0"
"3","Container","32","4","TRUE","1","0.0987668053051397","0","0"
"7","Container","33","1","FALSE","3","-0.0890429630736371","1","1"
"4","Container","33","2","FALSE","3","-0.0890429630736371","1","1"
"6","Container","33","3","FALSE","1","-0.0890429630736371","1","1"
"8","Container","33","4","FALSE","3","-0.0890429630736371","0","1"
"1","Line","34","1","FALSE","1","-0.047433725614862","0","0"
"5","Line","34","2","FALSE","3","-0.047433725614862","1","1"
"7","Line","34","3","FALSE","2","-0.047433725614862","0","0"
"7","Line","34","4","FALSE","3","-0.047433725614862","1","1"
"5","Line","34","5","FALSE","2","-0.047433725614862","1","1"
"8","Container","35","1","FALSE","1","-0.0794460095658815","1","1"
"8","Container","35","2","TRUE","3","-0.0794460095658815","1","1"
"6","Container","35","3","FALSE","3","-0.0794460095658815","1","1"
"4","Container","35","4","FALSE","2","-0.0794460095658815","0","1"
"3","Container","35","5","FALSE","2","-0.0794460095658815","0","1"
"1","Container","36","1","FALSE","3","0.00290100448604789","0","0"
"3","Container","36","2","FALSE","2","0.00290100448604789","0","0"
"4","Container","36","3","FALSE","3","0.00290100448604789","0","0"
"4","Container","36","4","FALSE","2","0.00290100448604789","0","0"
"6","Container","36","5","FALSE","2","0.00290100448604789","0","0"
"8","Container","37","1","TRUE","2","-0.329828090077325","1","1"
"6","Container","37","2","FALSE","3","-0.329828090077325","1","1"
"4","Container","37","3","TRUE","3","-0.329828090077325","0","1"
"3","Container","37","4","FALSE","3","-0.329828090077325","0","1"
"8","Line","38","1","TRUE","1","0.126424101490257","1","1"
"2","Line","38","2","TRUE","1","0.126424101490257","0","0"
"5","Line","38","3","FALSE","2","0.126424101490257","0","0"
"7","Line","38","4","FALSE","1","0.126424101490257","1","1"
"8","Line","38","5","FALSE","2","0.126424101490257","1","1"
"1","Container","39","1","FALSE","2","-0.121422245152261","0","1"
"8","Container","39","2","FALSE","2","-0.121422245152261","1","1"
"5","Container","39","3","FALSE","1","-0.121422245152261","1","1"
"5","Container","39","4","FALSE","3","-0.121422245152261","1","1"
"5","Container","40","1","FALSE","1","-0.0428339568835946","1","1"
"7","Container","40","2","FALSE","1","-0.0428339568835946","1","1"
"8","Container","41","1","FALSE","2","-0.305914364903805","1","1"
"7","Container","41","2","TRUE","1","-0.305914364903805","1","1"
"2","Container","42","1","FALSE","1","-0.235160893227312","0","1"
"5","Container","42","2","FALSE","1","-0.235160893227312","1","1"
"1","Container","42","3","FALSE","2","-0.235160893227312","0","1"
"3","Container","42","4","FALSE","1","-0.235160893227312","1","1"
"2","Container","43","1","FALSE","1","0.0215212016855363","0","1"
"7","Container","43","2","FALSE","3","0.0215212016855363","1","1"
"4","Container","44","1","FALSE","1","-0.270946546717348","0","1"
"7","Container","44","2","TRUE","3","-0.270946546717348","1","1"
"1","Container","45","1","FALSE","2","0.167949482312504","0","1"
"8","Container","45","2","TRUE","3","0.167949482312504","1","1"
"8","Container","45","3","TRUE","2","0.167949482312504","0","1"
"4","Line","46","1","TRUE","3","0.207672261511772","0","0"
"5","Line","46","2","FALSE","2","0.207672261511772","0","0"
"3","Line","46","3","FALSE","1","0.207672261511772","0","0"
"7","Line","46","4","FALSE","3","0.207672261511772","1","1"
"6","Container","47","1","FALSE","2","-0.404700211244656","0","1"
"8","Container","47","2","FALSE","3","-0.404700211244656","1","1"
"7","Container","48","1","FALSE","2","0.0596374050665451","0","1"
"1","Container","48","2","FALSE","1","0.0596374050665451","0","1"
"4","Container","48","3","TRUE","3","0.0596374050665451","0","1"
"8","Container","48","4","FALSE","3","0.0596374050665451","1","1"
"5","Container","48","5","TRUE","2","0.0596374050665451","0","1"
"7","Line","49","1","FALSE","3","-0.0431479616116034","1","1"
"3","Line","49","2","FALSE","3","-0.0431479616116034","0","0"
"8","Line","49","3","TRUE","1","-0.0431479616116034","1","1"
"4","Line","49","4","FALSE","1","-0.0431479616116034","0","0"
"7","Line","49","5","FALSE","2","-0.0431479616116034","1","1"
"4","Container","50","1","FALSE","2","-0.0379430815435723","0","1"
"6","Container","50","2","FALSE","1","-0.0379430815435723","1","1"
"5","Line","51","1","FALSE","1","0.113352703201756","0","0"
"3","Line","51","2","FALSE","2","0.113352703201756","0","0"
"7","Line","51","3","FALSE","3","0.113352703201756","0","0"
"6","Line","51","4","FALSE","1","0.113352703201756","0","0"
"5","Line","52","1","TRUE","2","0.262272008694926","0","0"
"2","Line","52","2","TRUE","1","0.262272008694926","0","0"
"4","Line","52","3","FALSE","1","0.262272008694926","0","0"
"4","Line","52","4","FALSE","1","0.262272008694926","0","0"
"2","Line","53","1","TRUE","2","0.218007284043531","0","0"
"6","Line","53","2","TRUE","2","0.218007284043531","0","0"
"8","Container","54","1","FALSE","1","0.466492289225656","1","1"
"8","Container","54","2","FALSE","3","0.466492289225656","1","1"
"5","Container","54","3","FALSE","2","0.466492289225656","0","1"
"1","Container","54","4","FALSE","2","0.466492289225656","0","1"
"1","Container","55","1","FALSE","1","-0.221841310559064","0","0"
"5","Container","55","2","TRUE","3","-0.221841310559064","0","0"
"1","Container","55","3","FALSE","2","-0.221841310559064","0","0"
"3","Container","55","4","FALSE","3","-0.221841310559064","0","0"
"5","Line","56","1","FALSE","3","-0.394613193279401","0","0"
"6","Line","56","2","FALSE","2","-0.394613193279401","0","0"
"6","Line","56","3","FALSE","3","-0.394613193279401","1","1"
"6","Line","56","4","TRUE","1","-0.394613193279401","1","1"
"1","Line","56","5","FALSE","2","-0.394613193279401","0","0"
"2","Container","57","1","FALSE","3","0.127241647920497","0","0"
"3","Container","57","2","FALSE","1","0.127241647920497","0","0"
"2","Container","58","1","FALSE","1","-0.170837669859887","0","1"
"2","Container","58","2","FALSE","1","-0.170837669859887","0","1"
"7","Container","58","3","FALSE","3","-0.170837669859887","1","1"
"8","Container","58","4","FALSE","1","-0.170837669859887","1","1"
"3","Container","58","5","FALSE","2","-0.170837669859887","0","1"
"2","Line","59","1","FALSE","1","-0.0245599630149063","0","0"
"1","Line","59","2","TRUE","2","-0.0245599630149063","0","0"
"3","Line","59","3","TRUE","2","-0.0245599630149063","0","0"
"6","Line","60","1","TRUE","2","0.324086446173895","0","0"
"2","Line","60","2","FALSE","2","0.324086446173895","0","0"
"7","Line","60","3","TRUE","1","0.324086446173895","1","1"
"4","Line","60","4","FALSE","1","0.324086446173895","0","0"
"1","Line","60","5","FALSE","1","0.324086446173895","0","0"
"8","Container","61","1","FALSE","2","-0.00789642491385601","1","1"
"3","Container","61","2","TRUE","2","-0.00789642491385601","0","1"
"7","Container","62","1","FALSE","3","0.0168753219582032","1","1"
"7","Container","62","2","FALSE","3","0.0168753219582032","1","1"
"5","Container","62","3","FALSE","1","0.0168753219582032","1","1"
"3","Container","62","4","TRUE","2","0.0168753219582032","0","1"
"8","Container","63","1","FALSE","1","-0.24162568391273","1","1"
"7","Container","63","2","FALSE","3","-0.24162568391273","1","1"
"4","Container","63","3","FALSE","2","-0.24162568391273","0","1"
"2","Container","63","4","FALSE","3","-0.24162568391273","0","1"
"6","Container","63","5","TRUE","1","-0.24162568391273","1","1"
"2","Container","64","1","FALSE","3","-0.156608262108292","0","1"
"5","Container","64","2","FALSE","1","-0.156608262108292","0","1"
"4","Container","64","3","FALSE","1","-0.156608262108292","0","1"
"5","Container","64","4","FALSE","3","-0.156608262108292","0","1"
"8","Container","64","5","FALSE","2","-0.156608262108292","1","1"
"1","Line","65","1","FALSE","3","-0.0913538717470149","0","0"
"8","Line","65","2","FALSE","2","-0.0913538717470149","1","1"
"2","Line","65","3","FALSE","1","-0.0913538717470149","0","0"
"6","Line","65","4","FALSE","1","-0.0913538717470149","1","1"
"4","Line","65","5","FALSE","2","-0.0913538717470149","1","1"
"6","Line","66","1","FALSE","3","0.326799366975999","0","0"
"2","Line","66","2","TRUE","3","0.326799366975999","0","0"
"6","Line","66","3","FALSE","2","0.326799366975999","0","0"
"1","Line","66","4","FALSE","2","0.326799366975999","0","0"
"2","Line","66","5","FALSE","3","0.326799366975999","0","0"
"5","Container","67","1","FALSE","2","0.214779109380989","1","1"
"7","Container","67","2","FALSE","3","0.214779109380989","1","1"
"3","Container","67","3","FALSE","2","0.214779109380989","0","1"
"8","Container","67","4","FALSE","1","0.214779109380989","1","1"
"4","Container","67","5","FALSE","2","0.214779109380989","0","1"
"1","Container","68","1","FALSE","1","-0.120405487266436","0","0"
"4","Container","68","2","TRUE","1","-0.120405487266436","0","0"
"8","Container","69","1","TRUE","1","-0.250350137979797","1","1"
"3","Container","69","2","FALSE","3","-0.250350137979797","0","1"
"8","Container","69","3","FALSE","1","-0.250350137979797","1","1"
"6","Container","70","1","FALSE","1","0.351596003821335","1","1"
"3","Container","70","2","FALSE","3","0.351596003821335","0","1"
"3","Container","71","1","FALSE","2","0.189353437576575","0","0"
"1","Container","71","2","FALSE","2","0.189353437576575","0","0"
"6","Container","71","3","FALSE","2","0.189353437576575","0","0"
"5","Container","72","1","FALSE","1","0.15370772262474","1","1"
"3","Container","72","2","FALSE","1","0.15370772262474","0","1"
"5","Container","73","1","FALSE","3","0.25503578872046","1","1"
"8","Container","73","2","TRUE","3","0.25503578872046","0","1"
"3","Container","73","3","TRUE","2","0.25503578872046","0","1"
"7","Container","73","4","FALSE","2","0.25503578872046","1","1"
"6","Container","73","5","FALSE","2","0.25503578872046","0","1"
"8","Container","74","1","FALSE","3","-0.634743562504876","1","1"
"4","Container","74","2","FALSE","1","-0.634743562504876","0","1"
"1","Container","74","3","FALSE","3","-0.634743562504876","0","1"
"7","Container","74","4","FALSE","2","-0.634743562504876","1","1"
"4","Container","74","5","TRUE","1","-0.634743562504876","0","1"
"7","Container","75","1","FALSE","3","-0.30203482404849","1","1"
"6","Container","75","2","FALSE","2","-0.30203482404849","0","1"
"3","Container","75","3","FALSE","1","-0.30203482404849","0","1"
"5","Container","75","4","FALSE","2","-0.30203482404849","0","1"
"2","Container","75","5","FALSE","3","-0.30203482404849","1","1"
"5","Container","76","1","FALSE","1","-0.333396440219335","0","1"
"4","Container","76","2","TRUE","1","-0.333396440219335","1","1"
"3","Container","77","1","FALSE","3","-0.0386977882890763","0","1"
"6","Container","77","2","FALSE","1","-0.0386977882890763","1","1"
"7","Container","77","3","FALSE","1","-0.0386977882890763","1","1"
"2","Container","77","4","FALSE","3","-0.0386977882890763","0","1"
"3","Line","78","1","TRUE","1","-0.154612618994665","0","0"
"7","Line","78","2","TRUE","2","-0.154612618994665","1","1"
"5","Line","78","3","FALSE","1","-0.154612618994665","0","0"
"2","Line","78","4","FALSE","1","-0.154612618994665","0","0"
"4","Container","79","1","TRUE","2","0.0783441757911914","0","1"
"3","Container","79","2","FALSE","1","0.0783441757911914","0","1"
"3","Container","79","3","FALSE","3","0.0783441757911914","1","1"
"6","Container","79","4","FALSE","2","0.0783441757911914","1","1"
"2","Container","79","5","FALSE","1","0.0783441757911914","0","1"
"1","Line","80","1","FALSE","3","-0.538301927853008","0","0"
"2","Line","80","2","TRUE","2","-0.538301927853008","0","0"
"3","Container","81","1","FALSE","2","0.00977344898744019","0","1"
"6","Container","81","2","FALSE","1","0.00977344898744019","1","1"
"2","Container","81","3","FALSE","2","0.00977344898744019","0","1"
"2","Container","81","4","TRUE","3","0.00977344898744019","0","1"
"8","Container","82","1","TRUE","1","0.147443843335095","1","1"
"3","Container","82","2","FALSE","1","0.147443843335095","0","1"
"3","Container","83","1","FALSE","1","-0.117791780704367","0","1"
"1","Container","83","2","FALSE","3","-0.117791780704367","0","1"
"2","Container","83","3","FALSE","1","-0.117791780704367","0","1"
"2","Container","83","4","TRUE","2","-0.117791780704367","0","1"
"8","Container","83","5","FALSE","1","-0.117791780704367","1","1"
"6","Container","84","1","TRUE","3","-0.0874211390584056","0","1"
"5","Container","84","2","TRUE","1","-0.0874211390584056","1","1"
"3","Container","84","3","FALSE","2","-0.0874211390584056","0","1"
"7","Container","84","4","FALSE","2","-0.0874211390584056","0","1"
"3","Container","84","5","FALSE","2","-0.0874211390584056","0","1"
"4","Container","85","1","FALSE","1","0.149422818955886","0","0"
"3","Container","85","2","FALSE","3","0.149422818955886","0","0"
"1","Container","85","3","FALSE","2","0.149422818955886","0","0"
"6","Line","86","1","FALSE","2","0.0789904957255155","1","1"
"8","Line","86","2","TRUE","2","0.0789904957255155","1","1"
"8","Line","86","3","FALSE","2","0.0789904957255155","1","1"
"3","Line","86","4","FALSE","2","0.0789904957255155","0","0"
"7","Line","86","5","TRUE","3","0.0789904957255155","1","1"
"4","Container","87","1","FALSE","3","-0.0919479035356172","0","1"
"4","Container","87","2","FALSE","2","-0.0919479035356172","0","1"
"5","Container","87","3","FALSE","3","-0.0919479035356172","1","1"
"5","Container","88","1","FALSE","3","0.235929831383412","1","1"
"3","Container","88","2","FALSE","1","0.235929831383412","0","1"
"8","Container","89","1","FALSE","3","-0.451275678588541","1","1"
"6","Container","89","2","FALSE","2","-0.451275678588541","0","1"
"1","Container","89","3","FALSE","2","-0.451275678588541","0","1"
"3","Container","89","4","FALSE","2","-0.451275678588541","0","1"
"7","Container","89","5","FALSE","2","-0.451275678588541","0","1"
"4","Container","90","1","FALSE","3","-0.174574426309664","0","1"
"7","Container","90","2","FALSE","1","-0.174574426309664","1","1"
"8","Container","90","3","TRUE","1","-0.174574426309664","1","1"
"7","Container","90","4","FALSE","1","-0.174574426309664","1","1"
"5","Container","91","1","FALSE","1","-0.11240143594215","1","1"
"5","Container","91","2","TRUE","3","-0.11240143594215","0","1"
"3","Container","91","3","FALSE","1","-0.11240143594215","0","1"
"8","Container","91","4","FALSE","3","-0.11240143594215","1","1"
"8","Container","91","5","FALSE","3","-0.11240143594215","1","1"
"8","Container","92","1","FALSE","1","-0.259672577912775","1","1"
"2","Container","92","2","FALSE","1","-0.259672577912775","0","1"
"5","Line","93","1","FALSE","3","0.0980126616048996","0","0"
"7","Line","93","2","FALSE","1","0.0980126616048996","1","1"
"7","Line","93","3","FALSE","3","0.0980126616048996","1","1"
"7","Container","94","1","FALSE","2","0.0603994343853446","1","1"
"4","Container","94","2","FALSE","3","0.0603994343853446","1","1"
"8","Container","94","3","FALSE","2","0.0603994343853446","1","1"
"7","Line","95","1","FALSE","3","0.0670053739895691","1","1"
"1","Line","95","2","FALSE","1","0.0670053739895691","0","0"
"1","Container","96","1","FALSE","2","-0.0207071043540648","0","0"
"6","Container","96","2","TRUE","3","-0.0207071043540648","0","0"
"7","Line","97","1","FALSE","2","-0.114985679269977","1","1"
"2","Line","97","2","TRUE","2","-0.114985679269977","0","0"
"2","Container","98","1","FALSE","1","-0.0707420105335241","1","1"
"3","Container","98","2","FALSE","3","-0.0707420105335241","0","1"
"2","Container","98","3","TRUE","2","-0.0707420105335241","0","1"
"3","Container","99","1","FALSE","3","0.0144972288301816","0","1"
"7","Container","99","2","FALSE","2","0.0144972288301816","1","1"
"2","Container","99","3","FALSE","2","0.0144972288301816","0","1"
"7","Container","99","4","TRUE","2","0.0144972288301816","1","1"
"8","Container","100","1","TRUE","3","0.334139898502842","1","1"
"8","Container","100","2","TRUE","1","0.334139898502842","1","1"
"5","Container","101","1","FALSE","1","-0.304742729217214","0","1"
"7","Container","101","2","FALSE","2","-0.304742729217214","1","1"
"1","Container","102","1","FALSE","3","-0.145706265078707","0","1"
"4","Container","102","2","FALSE","3","-0.145706265078707","1","1"
"7","Container","102","3","FALSE","3","-0.145706265078707","1","1"
"1","Container","102","4","FALSE","3","-0.145706265078707","0","1"
"8","Container","103","1","FALSE","1","0.261571387974708","1","1"
"6","Container","103","2","FALSE","3","0.261571387974708","1","1"
"7","Line","104","1","TRUE","1","-0.177679096406977","1","1"
"4","Line","104","2","FALSE","2","-0.177679096406977","0","0"
"2","Line","104","3","FALSE","2","-0.177679096406977","0","0"
"3","Line","105","1","FALSE","1","0.105420789476881","0","0"
"3","Line","105","2","TRUE","3","0.105420789476881","0","0"
"5","Line","105","3","FALSE","1","0.105420789476881","0","0"
"1","Line","105","4","FALSE","3","0.105420789476881","0","0"
"2","Line","105","5","TRUE","3","0.105420789476881","0","0"
"6","Container","106","1","FALSE","3","-0.268315386765937","1","1"
"5","Container","106","2","FALSE","2","-0.268315386765937","1","1"
"3","Container","106","3","TRUE","2","-0.268315386765937","0","1"
"5","Container","107","1","FALSE","1","0.184929259889848","1","1"
"5","Container","107","2","FALSE","3","0.184929259889848","1","1"
"4","Container","108","1","FALSE","1","-0.327535500257254","0","1"
"6","Container","108","2","FALSE","3","-0.327535500257254","1","1"
"2","Container","108","3","FALSE","3","-0.327535500257254","0","1"
"6","Container","108","4","FALSE","3","-0.327535500257254","0","1"
"5","Container","109","1","FALSE","3","0.0245840854952768","0","0"
"4","Container","109","2","FALSE","2","0.0245840854952768","0","0"
"8","Container","110","1","FALSE","3","0.128977770588746","1","1"
"5","Container","110","2","FALSE","1","0.128977770588746","1","1"
"8","Container","110","3","FALSE","1","0.128977770588746","1","1"
"6","Container","110","4","TRUE","2","0.128977770588746","0","1"
"8","Container","110","5","FALSE","1","0.128977770588746","1","1"
"2","Container","111","1","FALSE","2","-0.245159559862785","0","1"
"5","Container","111","2","TRUE","1","-0.245159559862785","1","1"
"5","Container","111","3","FALSE","3","-0.245159559862785","1","1"
"7","Container","111","4","FALSE","1","-0.245159559862785","1","1"
"6","Container","112","1","TRUE","1","0.356790327447032","1","1"
"8","Container","112","2","TRUE","2","0.356790327447032","1","1"
"1","Container","112","3","FALSE","2","0.356790327447032","0","1"
"3","Container","113","1","TRUE","2","-0.298868822190101","0","1"
"8","Container","113","2","TRUE","1","-0.298868822190101","1","1"
"8","Container","113","3","FALSE","3","-0.298868822190101","1","1"
"3","Container","113","4","FALSE","2","-0.298868822190101","0","1"
"2","Container","114","1","FALSE","2","-0.042493809558784","0","1"
"2","Container","114","2","FALSE","2","-0.042493809558784","0","1"
"5","Container","114","3","TRUE","1","-0.042493809558784","0","1"
"7","Container","114","4","FALSE","1","-0.042493809558784","1","1"
"2","Container","115","1","TRUE","3","0.273085595482766","0","1"
"5","Container","115","2","FALSE","3","0.273085595482766","1","1"
"3","Line","116","1","FALSE","2","-0.102870692809496","0","0"
"1","Line","116","2","FALSE","1","-0.102870692809496","0","0"
"2","Line","116","3","TRUE","1","-0.102870692809496","0","0"
"3","Container","117","1","FALSE","3","-0.407282699035621","0","1"
"7","Container","117","2","FALSE","1","-0.407282699035621","1","1"
"7","Container","118","1","FALSE","1","0.12007627547174","1","1"
"8","Container","118","2","FALSE","2","0.12007627547174","1","1"
"2","Container","119","1","FALSE","2","-0.272293618638338","0","1"
"5","Container","119","2","FALSE","1","-0.272293618638338","1","1"
"2","Container","119","3","TRUE","2","-0.272293618638338","0","1"
"1","Container","119","4","FALSE","1","-0.272293618638338","0","1"
"4","Container","120","1","FALSE","3","-0.106301787492068","0","1"
"4","Container","120","2","FALSE","3","-0.106301787492068","0","1"
"8","Container","120","3","FALSE","1","-0.106301787492068","1","1"
"3","Container","120","4","FALSE","2","-0.106301787492068","0","1"
"7","Container","120","5","FALSE","1","-0.106301787492068","1","1"
"8","Container","121","1","FALSE","3","-0.0997256019407472","1","1"
"8","Container","121","2","TRUE","1","-0.0997256019407472","0","1"
"6","Container","121","3","FALSE","1","-0.0997256019407472","1","1"
"7","Line","122","1","TRUE","1","0.05598685672514","1","1"
"4","Line","122","2","FALSE","2","0.05598685672514","0","0"
"7","Container","123","1","FALSE","2","0.333995473007646","0","0"
"5","Container","123","2","TRUE","2","0.333995473007646","0","0"
"1","Container","124","1","TRUE","2","0.00429810232695438","0","0"
"3","Container","124","2","FALSE","2","0.00429810232695438","0","0"
"1","Container","124","3","FALSE","1","0.00429810232695438","0","0"
"6","Container","124","4","TRUE","2","0.00429810232695438","0","0"
"3","Container","124","5","TRUE","2","0.00429810232695438","0","0"
"8","Container","125","1","FALSE","3","-0.335521163207132","1","1"
"5","Container","125","2","FALSE","3","-0.335521163207132","0","1"
"1","Container","126","1","TRUE","2","0.121480626805483","0","1"
"3","Container","126","2","FALSE","1","0.121480626805483","0","1"
"8","Container","126","3","FALSE","1","0.121480626805483","1","1"
"6","Container","127","1","FALSE","1","-0.0891127494125321","1","1"
"8","Container","127","2","FALSE","3","-0.0891127494125321","1","1"
"5","Container","127","3","FALSE","2","-0.0891127494125321","0","1"
"3","Container","127","4","FALSE","1","-0.0891127494125321","1","1"
"2","Container","127","5","TRUE","2","-0.0891127494125321","0","1"
"2","Container","128","1","TRUE","3","-0.161123474235371","0","1"
"8","Container","128","2","FALSE","3","-0.161123474235371","1","1"
"1","Container","128","3","FALSE","3","-0.161123474235371","0","1"
"7","Container","128","4","TRUE","1","-0.161123474235371","1","1"
"5","Container","129","1","FALSE","2","0.0211662661257248","0","1"
"6","Container","129","2","FALSE","2","0.0211662661257248","0","1"
"4","Container","129","3","FALSE","1","0.0211662661257248","1","1"
"1","Container","129","4","FALSE","3","0.0211662661257248","0","1"
"6","Container","130","1","TRUE","3","0.156460273489972","1","1"
"4","Container","130","2","FALSE","2","0.156460273489972","0","1"
"4","Container","131","1","TRUE","3","-0.159632391419992","0","0"
"3","Container","131","2","FALSE","3","-0.159632391419992","0","0"
"3","Container","132","1","TRUE","1","0.179010863296435","0","0"
"3","Container","132","2","FALSE","3","0.179010863296435","0","0"
"2","Container","132","3","FALSE","2","0.179010863296435","0","0"
"3","Container","132","4","FALSE","2","0.179010863296435","0","0"
"6","Line","133","1","TRUE","2","0.312375987167518","0","0"
"8","Line","133","2","FALSE","3","0.312375987167518","1","1"
"2","Line","133","3","FALSE","1","0.312375987167518","0","0"
"6","Line","133","4","FALSE","3","0.312375987167518","1","1"
"3","Line","133","5","FALSE","1","0.312375987167518","0","0"
"4","Container","134","1","FALSE","3","0.279133275901281","0","1"
"1","Container","134","2","TRUE","3","0.279133275901281","0","1"
"6","Container","134","3","FALSE","2","0.279133275901281","1","1"
"7","Container","135","1","FALSE","3","-0.0928372728137161","1","1"
"7","Container","135","2","TRUE","3","-0.0928372728137161","1","1"
"8","Container","135","3","FALSE","3","-0.0928372728137161","1","1"
"3","Container","135","4","TRUE","1","-0.0928372728137161","1","1"
"8","Line","136","1","FALSE","3","0.0346007084215186","1","1"
"6","Line","136","2","FALSE","2","0.0346007084215186","1","1"
"5","Line","136","3","TRUE","2","0.0346007084215186","0","0"
"6","Line","137","1","FALSE","1","0.129313578933078","0","0"
"3","Line","137","2","FALSE","2","0.129313578933078","1","1"
"3","Line","137","3","FALSE","3","0.129313578933078","0","0"
"5","Line","138","1","FALSE","1","-0.120814698554021","0","0"
"5","Line","138","2","FALSE","2","-0.120814698554021","0","0"
"6","Line","138","3","FALSE","1","-0.120814698554021","1","1"
"8","Line","138","4","FALSE","1","-0.120814698554021","1","1"
"7","Line","138","5","TRUE","2","-0.120814698554021","1","1"
"2","Container","139","1","FALSE","2","-0.169950102651128","0","1"
"7","Container","139","2","FALSE","1","-0.169950102651128","1","1"
"7","Container","139","3","FALSE","1","-0.169950102651128","1","1"
"4","Line","140","1","TRUE","2","-0.0473552551476538","0","0"
"3","Line","140","2","FALSE","3","-0.0473552551476538","0","0"
"7","Line","140","3","FALSE","2","-0.0473552551476538","1","1"
"1","Line","140","4","FALSE","1","-0.0473552551476538","0","0"
"3","Container","141","1","FALSE","3","-0.243082257829812","0","0"
"2","Container","141","2","FALSE","1","-0.243082257829812","0","0"
"6","Container","141","3","FALSE","1","-0.243082257829812","0","0"
"8","Container","142","1","FALSE","2","-0.0501337245968171","1","1"
"1","Container","142","2","TRUE","2","-0.0501337245968171","0","1"
"2","Container","142","3","FALSE","1","-0.0501337245968171","0","1"
"6","Container","142","4","FALSE","1","-0.0501337245968171","1","1"
"8","Container","142","5","FALSE","2","-0.0501337245968171","1","1"
"5","Container","143","1","FALSE","3","-0.0609765017098825","1","1"
"8","Container","143","2","FALSE","2","-0.0609765017098825","1","1"
"4","Container","143","3","FALSE","2","-0.0609765017098825","0","1"
"3","Container","144","1","FALSE","3","-0.291642077725193","0","1"
"7","Container","144","2","FALSE","2","-0.291642077725193","1","1"
"4","Container","144","3","FALSE","2","-0.291642077725193","0","1"
"3","Container","144","4","FALSE","3","-0.291642077725193","0","1"
"2","Container","145","1","TRUE","3","-0.137406801280805","0","0"
"2","Container","145","2","FALSE","3","-0.137406801280805","0","0"
"7","Container","146","1","TRUE","2","0.35518718837536","1","1"
"7","Container","146","2","FALSE","1","0.35518718837536","0","1"
"1","Line","147","1","TRUE","2","0.234227061076852","0","0"
"5","Line","147","2","FALSE","3","0.234227061076852","1","1"
"1","Container","148","1","FALSE","2","-0.289536455773505","0","1"
"3","Container","148","2","FALSE","3","-0.289536455773505","0","1"
"8","Container","148","3","FALSE","3","-0.289536455773505","1","1"
"5","Container","148","4","FALSE","2","-0.289536455773505","0","1"
"3","Container","148","5","FALSE","1","-0.289536455773505","1","1"
"3","Container","149","1","FALSE","2","0.0741680151716779","0","1"
"2","Container","149","2","FALSE","2","0.0741680151716779","0","1"
"8","Container","149","3","TRUE","1","0.0741680151716779","1","1"
"6","Line","150","1","FALSE","1","-0.0866611371754874","1","1"
"7","Line","150","2","FALSE","2","-0.0866611371754874","1","1"
"6","Line","150","3","FALSE","1","-0.0866611371754874","1","1"
"1","Line","151","1","FALSE","1","0.14265554857894","0","0"
"5","Line","151","2","FALSE","2","0.14265554857894","0","0"
"2","Line","151","3","FALSE","2","0.14265554857894","0","0"
"7","Line","151","4","FALSE","3","0.14265554857894","1","1"
"8","Line","151","5","FALSE","2","0.14265554857894","1","1"
"2","Container","152","1","FALSE","3","0.220124461907032","0","1"
"7","Container","152","2","FALSE","2","0.220124461907032","1","1"
"3","Container","152","3","TRUE","2","0.220124461907032","0","1"
"2","Container","152","4","FALSE","3","0.220124461907032","0","1"
"8","Container","152","5","FALSE","1","0.220124461907032","1","1"
"7","Line","153","1","FALSE","2","0.0243065126049366","1","1"
"6","Line","153","2","TRUE","2","0.0243065126049366","0","0"
"1","Line","153","3","FALSE","2","0.0243065126049366","0","0"
"1","Line","153","4","FALSE","1","0.0243065126049366","0","0"
"5","Line","153","5","FALSE","3","0.0243065126049366","0","0"
"8","Line","154","1","TRUE","3","0.546954303728824","1","1"
"7","Line","154","2","FALSE","2","0.546954303728824","1","1"
"2","Line","154","3","TRUE","1","0.546954303728824","0","0"
"2","Line","154","4","FALSE","3","0.546954303728824","0","0"
"1","Line","155","1","TRUE","2","-0.279375767253056","0","0"
"6","Line","155","2","TRUE","2","-0.279375767253056","1","1"
"2","Line","155","3","FALSE","1","-0.279375767253056","0","0"
"8","Line","155","4","TRUE","2","-0.279375767253056","1","1"
"6","Line","155","5","FALSE","3","-0.279375767253056","0","0"
"1","Container","156","1","TRUE","2","0.0600491361923404","0","0"
"7","Container","156","2","FALSE","2","0.0600491361923404","0","0"
"6","Container","157","1","FALSE","2","-0.496652089747544","0","0"
"5","Container","157","2","FALSE","3","-0.496652089747544","0","0"
"8","Container","158","1","FALSE","3","0.0905307778540904","1","1"
"2","Container","158","2","FALSE","1","0.0905307778540904","0","1"
"4","Container","158","3","FALSE","1","0.0905307778540904","0","1"
"5","Container","158","4","TRUE","1","0.0905307778540904","1","1"
"5","Container","158","5","TRUE","3","0.0905307778540904","0","1"
"7","Container","159","1","TRUE","3","0.168401656522591","1","1"
"6","Container","159","2","FALSE","3","0.168401656522591","1","1"
"4","Container","159","3","FALSE","1","0.168401656522591","1","1"
"2","Line","160","1","FALSE","2","-0.184946719452972","0","0"
"4","Line","160","2","FALSE","3","-0.184946719452972","1","1"
"4","Line","160","3","FALSE","3","-0.184946719452972","0","0"
"4","Line","160","4","FALSE","2","-0.184946719452972","0","0"
"7","Line","160","5","TRUE","2","-0.184946719452972","1","1"
"5","Line","161","1","TRUE","3","-0.0419791281068737","0","0"
"6","Line","161","2","FALSE","2","-0.0419791281068737","0","0"
"3","Line","161","3","FALSE","2","-0.0419791281068737","0","0"
"6","Line","161","4","FALSE","1","-0.0419791281068737","1","1"
"8","Line","161","5","TRUE","2","-0.0419791281068737","1","1"
"3","Container","162","1","FALSE","3","-0.131088535605144","0","1"
"1","Container","162","2","TRUE","2","-0.131088535605144","0","1"
"4","Container","162","3","FALSE","1","-0.131088535605144","1","1"
"8","Container","162","4","FALSE","3","-0.131088535605144","1","1"
"3","Container","162","5","TRUE","3","-0.131088535605144","0","1"
"1","Container","163","1","FALSE","2","0.256906826023368","0","1"
"2","Container","163","2","FALSE","3","0.256906826023368","0","1"
"8","Container","163","3","FALSE","2","0.256906826023368","1","1"
"5","Container","163","4","TRUE","3","0.256906826023368","0","1"
"6","Container","164","1","FALSE","2","-0.206705988387692","0","1"
"5","Container","164","2","TRUE","1","-0.206705988387692","0","1"
"8","Container","164","3","FALSE","1","-0.206705988387692","1","1"
"1","Container","164","4","FALSE","2","-0.206705988387692","0","1"
"6","Container","164","5","FALSE","1","-0.206705988387692","1","1"
"4","Container","165","1","FALSE","3","0.145110740807748","0","0"
"3","Container","165","2","FALSE","3","0.145110740807748","0","0"
"5","Container","165","3","FALSE","2","0.145110740807748","0","0"
"6","Container","165","4","FALSE","1","0.145110740807748","0","0"
"1","Container","166","1","FALSE","3","0.0754954201494855","0","1"
"8","Container","166","2","FALSE","2","0.0754954201494855","1","1"
"7","Container","166","3","TRUE","2","0.0754954201494855","1","1"
"3","Container","166","4","FALSE","2","0.0754954201494855","0","1"
"8","Line","167","1","FALSE","3","0.250592202614982","1","1"
"5","Line","167","2","FALSE","2","0.250592202614982","0","0"
"6","Line","167","3","FALSE","3","0.250592202614982","1","1"
"8","Container","168","1","FALSE","3","-0.160502630090433","1","1"
"4","Container","168","2","FALSE","2","-0.160502630090433","0","1"
"6","Container","168","3","TRUE","2","-0.160502630090433","0","1"
"2","Container","168","4","FALSE","3","-0.160502630090433","1","1"
"4","Container","169","1","FALSE","3","-0.0470480901877074","0","1"
"5","Container","169","2","FALSE","2","-0.0470480901877074","0","1"
"5","Container","169","3","FALSE","1","-0.0470480901877074","1","1"
"2","Container","169","4","FALSE","3","-0.0470480901877074","0","1"
"2","Container","170","1","FALSE","1","0.121541228104225","0","0"
"5","Container","170","2","FALSE","3","0.121541228104225","0","0"
"4","Container","170","3","FALSE","1","0.121541228104225","0","0"
"1","Container","170","4","FALSE","1","0.121541228104225","0","0"
"4","Container","170","5","FALSE","2","0.121541228104225","0","0"
"4","Container","171","1","FALSE","3","0.0131338917207694","0","1"
"3","Container","171","2","FALSE","1","0.0131338917207694","0","1"
"8","Container","171","3","FALSE","2","0.0131338917207694","1","1"
"4","Container","171","4","TRUE","1","0.0131338917207694","0","1"
"1","Container","171","5","FALSE","3","0.0131338917207694","0","1"
"1","Line","172","1","FALSE","3","-0.136153423963432","0","0"
"4","Line","172","2","FALSE","2","-0.136153423963432","0","0"
"4","Line","172","3","FALSE","3","-0.136153423963432","0","0"
"3","Container","173","1","FALSE","2","0.211485940896381","0","1"
"6","Container","173","2","FALSE","1","0.211485940896381","1","1"
"4","Container","173","3","FALSE","2","0.211485940896381","0","1"
"3","Container","173","4","FALSE","3","0.211485940896381","0","1"
"5","Container","173","5","FALSE","3","0.211485940896381","0","1"
"3","Line","174","1","FALSE","2","-0.0363379239969191","0","0"
"3","Line","174","2","FALSE","1","-0.0363379239969191","0","0"
"8","Container","175","1","FALSE","2","0.217176143707856","1","1"
"6","Container","175","2","FALSE","1","0.217176143707856","0","1"
"5","Container","175","3","FALSE","3","0.217176143707856","0","1"
"7","Container","175","4","FALSE","1","0.217176143707856","1","1"
"8","Container","175","5","TRUE","2","0.217176143707856","1","1"
"3","Line","176","1","FALSE","3","-0.0439299173765822","0","0"
"6","Line","176","2","FALSE","2","-0.0439299173765822","0","0"
"7","Line","176","3","FALSE","1","-0.0439299173765822","1","1"
"8","Line","176","4","FALSE","3","-0.0439299173765822","1","1"
"3","Line","176","5","TRUE","1","-0.0439299173765822","0","0"
"3","Line","177","1","TRUE","2","-0.111695013509663","0","0"
"2","Line","177","2","TRUE","2","-0.111695013509663","0","0"
"2","Container","178","1","FALSE","1","0.141091625892276","0","0"
"5","Container","178","2","TRUE","3","0.141091625892276","0","0"
"1","Container","178","3","FALSE","1","0.141091625892276","0","0"
"1","Container","179","1","FALSE","1","-0.759805830145285","0","1"
"2","Container","179","2","FALSE","2","-0.759805830145285","0","1"
"6","Container","179","3","FALSE","1","-0.759805830145285","1","1"
"6","Container","179","4","FALSE","1","-0.759805830145285","1","1"
"3","Container","179","5","TRUE","1","-0.759805830145285","0","1"
"8","Line","180","1","FALSE","1","-0.20592273622434","1","1"
"5","Line","180","2","FALSE","2","-0.20592273622434","1","1"
"6","Container","181","1","TRUE","3","-0.0679853652267485","1","1"
"8","Container","181","2","FALSE","3","-0.0679853652267485","1","1"
"2","Container","182","1","FALSE","1","0.191531879484688","0","1"
"2","Container","182","2","FALSE","2","0.191531879484688","0","1"
"8","Container","182","3","FALSE","1","0.191531879484688","1","1"
"2","Container","182","4","FALSE","1","0.191531879484688","0","1"
"5","Container","183","1","FALSE","1","-0.195763079513288","0","1"
"7","Container","183","2","FALSE","1","-0.195763079513288","1","1"
"8","Container","183","3","FALSE","1","-0.195763079513288","1","1"
"1","Container","183","4","FALSE","2","-0.195763079513288","0","1"
"4","Container","183","5","FALSE","1","-0.195763079513288","0","1"
"1","Container","184","1","FALSE","1","0.219277217941425","0","0"
"2","Container","184","2","TRUE","1","0.219277217941425","0","0"
"8","Container","185","1","TRUE","3","0.271692179683868","1","1"
"3","Container","185","2","FALSE","1","0.271692179683868","0","1"
"3","Container","185","3","FALSE","2","0.271692179683868","0","1"
"3","Container","185","4","FALSE","1","0.271692179683868","1","1"
"5","Container","185","5","FALSE","3","0.271692179683868","0","1"
"7","Container","186","1","FALSE","3","-0.213850112984687","1","1"
"2","Container","186","2","TRUE","2","-0.213850112984687","0","1"
"4","Container","186","3","FALSE","2","-0.213850112984687","0","1"
"4","Container","186","4","TRUE","2","-0.213850112984687","0","1"
"5","Line","187","1","FALSE","2","0.056756762120306","1","1"
"5","Line","187","2","FALSE","1","0.056756762120306","1","1"
"1","Line","187","3","TRUE","2","0.056756762120306","0","0"
"4","Line","187","4","FALSE","3","0.056756762120306","0","0"
"8","Line","187","5","TRUE","2","0.056756762120306","0","0"
"6","Line","188","1","FALSE","3","0.0497892118968765","1","1"
"8","Line","188","2","FALSE","2","0.0497892118968765","1","1"
"3","Line","188","3","TRUE","1","0.0497892118968765","0","0"
"3","Line","188","4","FALSE","1","0.0497892118968765","0","0"
"1","Container","189","1","TRUE","3","0.0267804093952042","0","1"
"4","Container","189","2","FALSE","3","0.0267804093952042","1","1"
"6","Container","189","3","FALSE","2","0.0267804093952042","0","1"
"2","Container","189","4","FALSE","3","0.0267804093952042","0","1"
"7","Container","189","5","FALSE","3","0.0267804093952042","1","1"
"2","Line","190","1","FALSE","1","0.390167154461242","0","0"
"6","Line","190","2","FALSE","1","0.390167154461242","1","1"
"2","Line","190","3","FALSE","1","0.390167154461242","0","0"
"2","Line","190","4","FALSE","2","0.390167154461242","0","0"
"5","Line","190","5","TRUE","3","0.390167154461242","1","1"
"8","Container","191","1","FALSE","1","0.169785071535241","1","1"
"5","Container","191","2","FALSE","3","0.169785071535241","0","1"
"1","Container","192","1","TRUE","3","0.266247228391744","0","0"
"5","Container","192","2","FALSE","3","0.266247228391744","0","0"
"5","Container","193","1","FALSE","3","-0.211772775995316","0","1"
"6","Container","193","2","FALSE","1","-0.211772775995316","1","1"
"4","Container","193","3","TRUE","1","-0.211772775995316","0","1"
"2","Container","194","1","TRUE","2","-0.323451034657439","0","0"
"8","Container","194","2","TRUE","2","-0.323451034657439","0","0"
"4","Container","194","3","FALSE","1","-0.323451034657439","0","0"
"3","Container","194","4","FALSE","1","-0.323451034657439","0","0"
"5","Container","195","1","FALSE","2","0.0522493853975274","0","1"
"7","Container","195","2","FALSE","2","0.0522493853975274","1","1"
"2","Container","195","3","FALSE","1","0.0522493853975274","0","1"
"1","Container","195","4","FALSE","2","0.0522493853975274","0","1"
"5","Container","195","5","FALSE","1","0.0522493853975274","1","1"
"1","Container","196","1","FALSE","3","-0.0552835195055876","1","1"
"5","Container","196","2","FALSE","1","-0.0552835195055876","0","1"
"1","Container","197","1","FALSE","3","0.12671659397609","0","0"
"4","Container","197","2","FALSE","1","0.12671659397609","0","0"
"3","Container","197","3","TRUE","1","0.12671659397609","0","0"
"1","Container","197","4","TRUE","1","0.12671659397609","0","0"
"6","Container","197","5","FALSE","2","0.12671659397609","0","0"
"3","Container","198","1","TRUE","2","0.398255581854788","0","1"
"1","Container","198","2","FALSE","3","0.398255581854788","0","1"
"6","Container","198","3","FALSE","2","0.398255581854788","0","1"
"1","Container","198","4","FALSE","1","0.398255581854788","0","1"
"8","Container","198","5","TRUE","1","0.398255581854788","1","1"
"8","Container","199","1","FALSE","1","-0.425017434125328","1","1"
"1","Container","199","2","TRUE","3","-0.425017434125328","0","1"
"6","Container","199","3","TRUE","3","-0.425017434125328","0","1"
"1","Container","199","4","FALSE","3","-0.425017434125328","0","1"
"4","Line","200","1","FALSE","1","0.167224305130686","1","1"
"5","Line","200","2","FALSE","3","0.167224305130686","1","1"
"4","Line","200","3","FALSE","1","0.167224305130686","1","1"
"8","Container","201","1","FALSE","3","-0.167924544397142","1","1"
"3","Container","201","2","TRUE","2","-0.167924544397142","0","1"
"5","Container","202","1","FALSE","1","-0.16606680336895","1","1"
"7","Container","202","2","TRUE","1","-0.16606680336895","1","1"
"8","Container","203","1","FALSE","2","-0.133963845189328","1","1"
"5","Container","203","2","FALSE","3","-0.133963845189328","0","1"
"5","Container","203","3","FALSE","1","-0.133963845189328","1","1"
"3","Container","203","4","FALSE","3","-0.133963845189328","1","1"
"4","Container","203","5","FALSE","3","-0.133963845189328","0","1"
"1","Container","204","1","TRUE","1","-0.293949837430605","0","0"
"1","Container","204","2","FALSE","2","-0.293949837430605","0","0"
"3","Container","204","3","FALSE","1","-0.293949837430605","0","0"
"7","Container","205","1","FALSE","3","0.24679721870435","1","1"
"2","Container","205","2","FALSE","2","0.24679721870435","0","1"
"3","Line","206","1","FALSE","3","0.099210628728683","0","0"
"5","Line","206","2","FALSE","3","0.099210628728683","0","0"
"7","Line","207","1","TRUE","3","0.266734045622478","1","1"
"7","Line","207","2","TRUE","3","0.266734045622478","0","0"
"6","Line","207","3","FALSE","2","0.266734045622478","1","1"
"5","Container","208","1","TRUE","2","0.0259089717068463","0","1"
"1","Container","208","2","FALSE","2","0.0259089717068463","0","1"
"8","Container","208","3","FALSE","3","0.0259089717068463","1","1"
"1","Container","208","4","FALSE","1","0.0259089717068463","0","1"
"4","Container","208","5","FALSE","2","0.0259089717068463","0","1"
"4","Container","209","1","FALSE","2","0.179806624964128","0","0"
"2","Container","209","2","FALSE","1","0.179806624964128","0","0"
"4","Container","209","3","FALSE","3","0.179806624964128","0","0"
"5","Container","210","1","FALSE","1","-0.761409254293736","0","1"
"2","Container","210","2","FALSE","2","-0.761409254293736","0","1"
"3","Container","210","3","FALSE","3","-0.761409254293736","1","1"
"5","Container","210","4","FALSE","1","-0.761409254293736","1","1"
"7","Container","211","1","TRUE","2","0.0891851343901351","1","1"
"8","Container","211","2","FALSE","1","0.0891851343901351","1","1"
"3","Container","211","3","FALSE","2","0.0891851343901351","0","1"
"3","Container","211","4","FALSE","3","0.0891851343901351","0","1"
"2","Container","212","1","TRUE","1","-0.0620612493458571","0","1"
"3","Container","212","2","FALSE","1","-0.0620612493458571","0","1"
"8","Container","212","3","TRUE","1","-0.0620612493458571","1","1"
"6","Container","213","1","FALSE","1","-0.0281530011613885","1","1"
"7","Container","213","2","FALSE","1","-0.0281530011613885","1","1"
"3","Container","213","3","FALSE","2","-0.0281530011613885","0","1"
"7","Container","213","4","FALSE","2","-0.0281530011613885","0","1"
"3","Container","214","1","TRUE","2","0.198203930485576","0","1"
"8","Container","214","2","FALSE","1","0.198203930485576","1","1"
"3","Container","214","3","FALSE","2","0.198203930485576","0","1"
"1","Container","214","4","FALSE","2","0.198203930485576","0","1"
"8","Container","215","1","TRUE","3","0.229376776246619","0","1"
"3","Container","215","2","TRUE","3","0.229376776246619","0","1"
"6","Container","215","3","FALSE","2","0.229376776246619","1","1"
"8","Container","215","4","TRUE","2","0.229376776246619","0","1"
"8","Container","215","5","TRUE","3","0.229376776246619","1","1"
"6","Container","216","1","FALSE","2","-0.0895494210934505","0","1"
"5","Container","216","2","FALSE","3","-0.0895494210934505","1","1"
"7","Container","216","3","FALSE","3","-0.0895494210934505","1","1"
"6","Container","217","1","TRUE","3","-0.261788591706493","0","1"
"6","Container","217","2","FALSE","3","-0.261788591706493","1","1"
"6","Container","217","3","FALSE","2","-0.261788591706493","0","1"
"1","Container","217","4","FALSE","3","-0.261788591706493","0","1"
"8","Container","218","1","TRUE","2","-0.00205058483946754","1","1"
"4","Container","218","2","TRUE","1","-0.00205058483946754","0","1"
"4","Container","218","3","FALSE","3","-0.00205058483946754","1","1"
"4","Container","219","1","FALSE","3","-0.000278446750093475","1","1"
"6","Container","219","2","FALSE","3","-0.000278446750093475","1","1"
"7","Container","219","3","FALSE","2","-0.000278446750093475","1","1"
"1","Container","220","1","TRUE","1","0.260960486890486","0","1"
"6","Container","220","2","FALSE","2","0.260960486890486","0","1"
"7","Container","220","3","FALSE","1","0.260960486890486","1","1"
"2","Container","220","4","FALSE","2","0.260960486890486","0","1"
"3","Container","220","5","TRUE","3","0.260960486890486","0","1"
"3","Line","221","1","FALSE","2","-0.405030905311652","0","0"
"1","Line","221","2","FALSE","1","-0.405030905311652","0","0"
"2","Line","221","3","FALSE","1","-0.405030905311652","0","0"
"2","Line","221","4","FALSE","3","-0.405030905311652","0","0"
"1","Line","221","5","FALSE","1","-0.405030905311652","1","1"
"5","Container","222","1","FALSE","1","-0.204546587466709","0","1"
"7","Container","222","2","FALSE","3","-0.204546587466709","1","1"
"1","Container","222","3","FALSE","2","-0.204546587466709","0","1"
"2","Line","223","1","FALSE","2","0.392289000000759","0","0"
"5","Line","223","2","FALSE","1","0.392289000000759","1","1"
"1","Line","223","3","TRUE","1","0.392289000000759","0","0"
"5","Line","223","4","TRUE","3","0.392289000000759","1","1"
"4","Container","224","1","FALSE","2","0.342349153765228","0","1"
"7","Container","224","2","FALSE","1","0.342349153765228","1","1"
"8","Container","225","1","FALSE","3","0.146623468199704","1","1"
"3","Container","225","2","FALSE","1","0.146623468199704","0","1"
"4","Container","225","3","FALSE","2","0.146623468199704","0","1"
"3","Container","226","1","FALSE","3","-0.701285167680041","0","1"
"8","Container","226","2","FALSE","3","-0.701285167680041","1","1"
"6","Container","226","3","FALSE","2","-0.701285167680041","0","1"
"8","Container","226","4","FALSE","1","-0.701285167680041","1","1"
"6","Container","227","1","FALSE","2","0.310621691399004","0","1"
"4","Container","227","2","FALSE","1","0.310621691399004","0","1"
"7","Container","227","3","FALSE","3","0.310621691399004","1","1"
"5","Container","228","1","FALSE","2","-0.0362421443637799","0","1"
"4","Container","228","2","FALSE","2","-0.0362421443637799","0","1"
"7","Container","228","3","FALSE","3","-0.0362421443637799","1","1"
"4","Container","228","4","FALSE","1","-0.0362421443637799","0","1"
"2","Container","228","5","FALSE","2","-0.0362421443637799","0","1"
"7","Container","229","1","FALSE","1","0.244906613831592","1","1"
"6","Container","229","2","FALSE","1","0.244906613831592","1","1"
"3","Line","230","1","FALSE","2","-0.122866109904661","0","0"
"5","Line","230","2","FALSE","3","-0.122866109904661","1","1"
"1","Container","231","1","FALSE","3","0.0923455868650578","0","1"
"5","Container","231","2","FALSE","1","0.0923455868650578","1","1"
"8","Container","231","3","TRUE","1","0.0923455868650578","1","1"
"2","Container","232","1","FALSE","3","-0.21526579869386","1","1"
"5","Container","232","2","FALSE","2","-0.21526579869386","1","1"
"2","Container","233","1","FALSE","2","-0.492407179315299","0","0"
"3","Container","233","2","FALSE","3","-0.492407179315299","0","0"
"5","Line","234","1","FALSE","3","-0.54762176789484","1","1"
"6","Line","234","2","FALSE","1","-0.54762176789484","1","1"
"2","Line","234","3","FALSE","3","-0.54762176789484","0","0"
"4","Container","235","1","FALSE","1","-0.249909661926818","0","1"
"4","Container","235","2","TRUE","1","-0.249909661926818","0","1"
"7","Container","235","3","TRUE","1","-0.249909661926818","1","1"
"6","Container","235","4","TRUE","3","-0.249909661926818","0","1"
"7","Container","236","1","FALSE","1","0.565523161695607","1","1"
"3","Container","236","2","FALSE","1","0.565523161695607","0","1"
"8","Container","236","3","FALSE","1","0.565523161695607","1","1"
"5","Line","237","1","FALSE","3","0.14103216043457","1","1"
"2","Line","237","2","TRUE","1","0.14103216043457","0","0"
"3","Line","237","3","FALSE","2","0.14103216043457","0","0"
"5","Line","237","4","FALSE","2","0.14103216043457","0","0"
"6","Container","238","1","FALSE","2","0.105374089933288","0","1"
"5","Container","238","2","FALSE","3","0.105374089933288","1","1"
"3","Container","238","3","TRUE","3","0.105374089933288","0","1"
"3","Container","239","1","FALSE","2","-0.0475134161428393","0","0"
"5","Container","239","2","TRUE","3","-0.0475134161428393","0","0"
"5","Line","240","1","FALSE","2","-0.0468187641233127","1","1"
"5","Line","240","2","FALSE","1","-0.0468187641233127","0","0"
"7","Container","241","1","FALSE","1","0.317309913076152","1","1"
"3","Container","241","2","FALSE","3","0.317309913076152","0","1"
"8","Container","241","3","FALSE","3","0.317309913076152","1","1"
"8","Container","241","4","FALSE","1","0.317309913076152","1","1"
"7","Container","242","1","FALSE","1","0.368470192165839","1","1"
"3","Container","242","2","FALSE","2","0.368470192165839","0","1"
"8","Container","242","3","FALSE","2","0.368470192165839","1","1"
"2","Container","242","4","FALSE","1","0.368470192165839","0","1"
"3","Container","243","1","TRUE","1","0.0614503775987135","0","1"
"8","Container","243","2","FALSE","3","0.0614503775987135","1","1"
"4","Container","244","1","FALSE","3","0.198555214841018","1","1"
"8","Container","244","2","FALSE","3","0.198555214841018","1","1"
"2","Container","245","1","FALSE","2","-0.181189628918283","0","0"
"1","Container","245","2","FALSE","2","-0.181189628918283","0","0"
"2","Container","245","3","FALSE","2","-0.181189628918283","0","0"
"5","Container","245","4","FALSE","1","-0.181189628918283","0","0"
"1","Container","246","1","TRUE","1","-0.232690330665719","0","0"
"1","Container","246","2","TRUE","2","-0.232690330665719","0","0"
"2","Container","246","3","FALSE","2","-0.232690330665719","0","0"
"6","Container","247","1","FALSE","1","-2.5324042117412e-05","1","1"
"8","Container","247","2","FALSE","1","-2.5324042117412e-05","1","1"
"1","Container","247","3","FALSE","1","-2.5324042117412e-05","0","1"
"4","Container","247","4","FALSE","1","-2.5324042117412e-05","0","1"
"5","Container","247","5","FALSE","2","-2.5324042117412e-05","0","1"
"1","Container","248","1","TRUE","3","0.222517494318616","0","1"
"2","Container","248","2","FALSE","3","0.222517494318616","0","1"
"2","Container","248","3","FALSE","3","0.222517494318616","0","1"
"7","Container","248","4","TRUE","3","0.222517494318616","1","1"
"6","Line","249","1","FALSE","3","-0.0654272665630105","0","0"
"7","Line","249","2","FALSE","1","-0.0654272665630105","1","1"
"8","Line","249","3","FALSE","2","-0.0654272665630105","1","1"
"4","Container","250","1","FALSE","3","-0.673161162415028","0","1"
"4","Container","250","2","TRUE","2","-0.673161162415028","0","1"
"5","Container","250","3","FALSE","2","-0.673161162415028","1","1"
"4","Line","251","1","FALSE","3","0.333630679375171","0","0"
"7","Line","251","2","FALSE","2","0.333630679375171","1","1"
"4","Line","251","3","TRUE","3","0.333630679375171","0","0"
"4","Line","251","4","TRUE","3","0.333630679375171","0","0"
"5","Container","252","1","FALSE","2","-0.37007536586228","0","1"
"4","Container","252","2","FALSE","3","-0.37007536586228","0","1"
"8","Container","252","3","FALSE","1","-0.37007536586228","1","1"
"6","Container","253","1","FALSE","2","0.0346895532389664","1","1"
"1","Container","253","2","FALSE","3","0.0346895532389664","0","1"
"7","Container","253","3","FALSE","1","0.0346895532389664","1","1"
"1","Line","254","1","FALSE","2","-0.203581529503105","0","0"
"6","Line","254","2","FALSE","3","-0.203581529503105","1","1"
"8","Container","255","1","FALSE","2","-0.340561945771864","1","1"
"2","Container","255","2","FALSE","2","-0.340561945771864","0","1"
"6","Container","255","3","FALSE","1","-0.340561945771864","0","1"
"6","Container","255","4","FALSE","1","-0.340561945771864","1","1"
"4","Container","255","5","FALSE","2","-0.340561945771864","0","1"
"3","Container","256","1","TRUE","3","-0.210082507927949","0","1"
"6","Container","256","2","FALSE","1","-0.210082507927949","0","1"
"7","Container","256","3","FALSE","3","-0.210082507927949","1","1"
"6","Container","256","4","FALSE","2","-0.210082507927949","0","1"
"3","Container","257","1","TRUE","2","-0.125785348305184","0","0"
"4","Container","257","2","FALSE","2","-0.125785348305184","0","0"
"6","Container","258","1","TRUE","3","0.111301119636125","1","1"
"8","Container","258","2","FALSE","1","0.111301119636125","1","1"
"7","Container","258","3","FALSE","2","0.111301119636125","1","1"
"3","Container","258","4","FALSE","3","0.111301119636125","1","1"
"1","Container","259","1","FALSE","1","0.0856686581497793","0","1"
"8","Container","259","2","FALSE","1","0.0856686581497793","1","1"
"2","Container","259","3","FALSE","3","0.0856686581497793","0","1"
"1","Container","260","1","FALSE","1","-0.157233925707094","0","0"
"3","Container","260","2","TRUE","2","-0.157233925707094","0","0"
"3","Container","261","1","FALSE","3","0.348936290744102","0","1"
"5","Container","261","2","FALSE","1","0.348936290744102","1","1"
"4","Container","261","3","TRUE","1","0.348936290744102","1","1"
"1","Container","261","4","TRUE","2","0.348936290744102","0","1"
"8","Line","262","1","FALSE","3","-0.12742412388492","1","1"
"8","Line","262","2","FALSE","2","-0.12742412388492","0","0"
"6","Container","263","1","FALSE","3","0.126274456163809","1","1"
"7","Container","263","2","FALSE","3","0.126274456163809","1","1"
"5","Container","263","3","FALSE","1","0.126274456163809","0","1"
"8","Container","263","4","FALSE","2","0.126274456163809","1","1"
"1","Container","264","1","FALSE","3","0.19987671565237","0","1"
"6","Container","264","2","FALSE","3","0.19987671565237","1","1"
"8","Container","264","3","FALSE","1","0.19987671565237","1","1"
"1","Container","265","1","FALSE","3","-0.275802902895632","0","1"
"2","Container","265","2","FALSE","3","-0.275802902895632","0","1"
"6","Container","265","3","TRUE","1","-0.275802902895632","1","1"
"5","Container","266","1","FALSE","1","0.107599877793798","1","1"
"2","Container","266","2","FALSE","1","0.107599877793798","0","1"
"8","Container","266","3","TRUE","2","0.107599877793798","1","1"
"2","Line","267","1","TRUE","1","-0.00454230973909349","0","0"
"5","Line","267","2","FALSE","3","-0.00454230973909349","1","1"
"1","Container","268","1","FALSE","1","-0.694440327173038","0","0"
"2","Container","268","2","FALSE","3","-0.694440327173038","0","0"
"6","Container","269","1","TRUE","2","0.354128462069584","1","1"
"8","Container","269","2","TRUE","2","0.354128462069584","0","1"
"2","Container","270","1","FALSE","2","-0.493957262280808","0","1"
"4","Container","270","2","FALSE","2","-0.493957262280808","0","1"
"5","Container","270","3","FALSE","1","-0.493957262280808","1","1"
"2","Container","271","1","TRUE","3","-0.0985802991994622","0","0"
"1","Container","271","2","FALSE","1","-0.0985802991994622","0","0"
"3","Container","272","1","FALSE","3","0.153171588537285","0","1"
"5","Container","272","2","FALSE","1","0.153171588537285","0","1"
"3","Container","272","3","FALSE","3","0.153171588537285","0","1"
"8","Container","272","4","FALSE","2","0.153171588537285","1","1"
"8","Container","273","1","FALSE","2","0.0853006069464073","0","1"
"6","Container","273","2","FALSE","3","0.0853006069464073","1","1"
"8","Line","274","1","FALSE","3","0.0131489732039265","1","1"
"2","Line","274","2","FALSE","1","0.0131489732039265","0","0"
"1","Line","274","3","FALSE","1","0.0131489732039265","0","0"
"5","Line","274","4","TRUE","1","0.0131489732039265","1","1"
"5","Line","274","5","FALSE","3","0.0131489732039265","0","0"
"2","Container","275","1","TRUE","3","0.42338869868425","0","0"
"1","Container","275","2","FALSE","3","0.42338869868425","0","0"
"1","Container","275","3","FALSE","3","0.42338869868425","0","0"
"1","Container","275","4","FALSE","1","0.42338869868425","0","0"
"5","Container","276","1","FALSE","1","-0.373475127812435","1","1"
"2","Container","276","2","FALSE","1","-0.373475127812435","0","1"
"5","Container","276","3","FALSE","3","-0.373475127812435","0","1"
"3","Line","277","1","FALSE","2","0.0320112538149287","0","0"
"4","Line","277","2","TRUE","1","0.0320112538149287","0","0"
"4","Line","277","3","FALSE","2","0.0320112538149287","0","0"
"1","Line","277","4","TRUE","2","0.0320112538149287","0","0"
"5","Line","277","5","TRUE","2","0.0320112538149287","0","0"
"8","Container","278","1","FALSE","3","0.168829040282133","1","1"
"6","Container","278","2","TRUE","1","0.168829040282133","0","1"
"4","Container","278","3","FALSE","2","0.168829040282133","0","1"
"2","Line","279","1","FALSE","3","0.017469635558192","0","0"
"2","Line","279","2","FALSE","3","0.017469635558192","0","0"
"2","Line","280","1","FALSE","3","-0.120583594824886","0","0"
"8","Line","280","2","FALSE","3","-0.120583594824886","1","1"
"5","Container","281","1","FALSE","2","-0.12136447667458","0","1"
"8","Container","281","2","TRUE","1","-0.12136447667458","1","1"
"1","Container","282","1","FALSE","1","-0.39148260560428","0","1"
"7","Container","282","2","FALSE","3","-0.39148260560428","1","1"
"4","Container","283","1","FALSE","1","-0.636795189433838","1","1"
"7","Container","283","2","FALSE","3","-0.636795189433838","1","1"
"7","Container","284","1","FALSE","3","-0.491229328092439","1","1"
"3","Container","284","2","FALSE","1","-0.491229328092439","0","1"
"3","Container","284","3","FALSE","1","-0.491229328092439","0","1"
"6","Container","285","1","TRUE","2","-0.219574758221302","1","1"
"7","Container","285","2","FALSE","1","-0.219574758221302","1","1"
"5","Container","286","1","FALSE","2","0.295634301475658","1","1"
"3","Container","286","2","FALSE","3","0.295634301475658","0","1"
"7","Container","286","3","FALSE","2","0.295634301475658","1","1"
"6","Container","286","4","FALSE","2","0.295634301475658","1","1"
"8","Container","286","5","FALSE","3","0.295634301475658","1","1"
"4","Container","287","1","FALSE","1","-0.250287731336248","0","1"
"7","Container","287","2","FALSE","2","-0.250287731336248","0","1"
"1","Container","287","3","FALSE","1","-0.250287731336248","0","1"
"5","Container","287","4","FALSE","3","-0.250287731336248","1","1"
"8","Container","287","5","FALSE","3","-0.250287731336248","1","1"
